{"cameraMode":{"drawMode":0,"name":"Shaded","section":"Shading Mode"},"sceneLighting":true,"audioPlay":false,"sceneViewState":{"showFog":true,"showMaterialUpdate":false,"showSkybox":true,"showFlares":true,"showImageEffects":true,"showParticleSystems":true},"in2DMode":false,"pivot":{"x":497.7253723144531,"y":282.92547607421877,"z":53.90133285522461},"rotation":{"x":-0.03853820264339447,"y":0.9528427124023438,"z":-0.13700780272483827,"w":-0.2680196166038513},"size":348.1336669921875,"orthographic":false}